Program,Year,Period,Week_Ending,Geo_Level,State,State_ANSI,Ag_District,Ag_District_Code,County,County_ANSI,Zip_Code,Region,watershed_code,Watershed,Commodity,Data_Item,Domain,Domain_Category,Value,CV
SURVEY,2001,WEEK #13,2001-04-01,NATIONAL,US TOTAL,,,,,,,,0,,CORN,"CORN - PROGRESS, MEASURED IN PCT PLANTED",TOTAL,NOT SPECIFIED,1,
SURVEY,1993,WEEK #13,1993-04-04,NATIONAL,US TOTAL,,,,,,,,0,,CORN,"CORN - PROGRESS, MEASURED IN PCT PLANTED",TOTAL,NOT SPECIFIED,1,
SURVEY,2024,WEEK #13,2024-03-31,NATIONAL,US TOTAL,,,,,,,,0,,CORN,"CORN - PROGRESS, MEASURED IN PCT PLANTED",TOTAL,NOT SPECIFIED,2,
SURVEY,2023,WEEK #13,2023-04-02,NATIONAL,US TOTAL,,,,,,,,0,,CORN,"CORN - PROGRESS, MEASURED IN PCT PLANTED",TOTAL,NOT SPECIFIED,2,
SURVEY,2022,WEEK #13,2022-04-03,NATIONAL,US TOTAL,,,,,,,,0,,CORN,"CORN - PROGRESS, MEASURED IN PCT PLANTED",TOTAL,NOT SPECIFIED,2,
SURVEY,2021,WEEK #13,2021-04-04,NATIONAL,US TOTAL,,,,,,,,0,,CORN,"CORN - PROGRESS, MEASURED IN PCT PLANTED",TOTAL,NOT SPECIFIED,2,
SURVEY,2000,WEEK #13,2000-04-02,NATIONAL,US TOTAL,,,,,,,,0,,CORN,"CORN - PROGRESS, MEASURED IN PCT PLANTED",TOTAL,NOT SPECIFIED,2,
SURVEY,2022,WEEK #14,2022-04-10,NATIONAL,US TOTAL,,,,,,,,0,,CORN,"CORN - PROGRESS, MEASURED IN PCT PLANTED",TOTAL,NOT SPECIFIED,2,
SURVEY,2019,WEEK #14,2019-04-07,NATIONAL,US TOTAL,,,,,,,,0,,CORN,"CORN - PROGRESS, MEASURED IN PCT PLANTED",TOTAL,NOT SPECIFIED,2,
SURVEY,2018,WEEK #14,2018-04-08,NATIONAL,US TOTAL,,,,,,,,0,,CORN,"CORN - PROGRESS, MEASURED IN PCT PLANTED",TOTAL,NOT SPECIFIED,2,
SURVEY,2002,WEEK #14,2002-04-07,NATIONAL,US TOTAL,,,,,,,,0,,CORN,"CORN - PROGRESS, MEASURED IN PCT PLANTED",TOTAL,NOT SPECIFIED,2,
SURVEY,2001,WEEK #14,2001-04-08,NATIONAL,US TOTAL,,,,,,,,0,,CORN,"CORN - PROGRESS, MEASURED IN PCT PLANTED",TOTAL,NOT SPECIFIED,2,
SURVEY,1998,WEEK #14,1998-04-05,NATIONAL,US TOTAL,,,,,,,,0,,CORN,"CORN - PROGRESS, MEASURED IN PCT PLANTED",TOTAL,NOT SPECIFIED,2,
SURVEY,1996,WEEK #14,1996-04-07,NATIONAL,US TOTAL,,,,,,,,0,,CORN,"CORN - PROGRESS, MEASURED IN PCT PLANTED",TOTAL,NOT SPECIFIED,2,
SURVEY,1993,WEEK #14,1993-04-11,NATIONAL,US TOTAL,,,,,,,,0,,CORN,"CORN - PROGRESS, MEASURED IN PCT PLANTED",TOTAL,NOT SPECIFIED,2,
SURVEY,1992,WEEK #14,1992-04-05,NATIONAL,US TOTAL,,,,,,,,0,,CORN,"CORN - PROGRESS, MEASURED IN PCT PLANTED",TOTAL,NOT SPECIFIED,2,
SURVEY,1990,WEEK #14,1990-04-08,NATIONAL,US TOTAL,,,,,,,,0,,CORN,"CORN - PROGRESS, MEASURED IN PCT PLANTED",TOTAL,NOT SPECIFIED,2,
SURVEY,2015,WEEK #15,2015-04-12,NATIONAL,US TOTAL,,,,,,,,0,,CORN,"CORN - PROGRESS, MEASURED IN PCT PLANTED",TOTAL,NOT SPECIFIED,2,
SURVEY,2013,WEEK #15,2013-04-14,NATIONAL,US TOTAL,,,,,,,,0,,CORN,"CORN - PROGRESS, MEASURED IN PCT PLANTED",TOTAL,NOT SPECIFIED,2,
SURVEY,2009,WEEK #15,2009-04-12,NATIONAL,US TOTAL,,,,,,,,0,,CORN,"CORN - PROGRESS, MEASURED IN PCT PLANTED",TOTAL,NOT SPECIFIED,2,
SURVEY,2008,WEEK #15,2008-04-13,NATIONAL,US TOTAL,,,,,,,,0,,CORN,"CORN - PROGRESS, MEASURED IN PCT PLANTED",TOTAL,NOT SPECIFIED,2,
SURVEY,1993,WEEK #15,1993-04-18,NATIONAL,US TOTAL,,,,,,,,0,,CORN,"CORN - PROGRESS, MEASURED IN PCT PLANTED",TOTAL,NOT SPECIFIED,2,
SURVEY,2012,WEEK #13,2012-04-01,NATIONAL,US TOTAL,,,,,,,,0,,CORN,"CORN - PROGRESS, MEASURED IN PCT PLANTED",TOTAL,NOT SPECIFIED,3,
SURVEY,1999,WEEK #13,1999-04-04,NATIONAL,US TOTAL,,,,,,,,0,,CORN,"CORN - PROGRESS, MEASURED IN PCT PLANTED",TOTAL,NOT SPECIFIED,3,
SURVEY,2024,WEEK #14,2024-04-07,NATIONAL,US TOTAL,,,,,,,,0,,CORN,"CORN - PROGRESS, MEASURED IN PCT PLANTED",TOTAL,NOT SPECIFIED,3,
SURVEY,2023,WEEK #14,2023-04-09,NATIONAL,US TOTAL,,,,,,,,0,,CORN,"CORN - PROGRESS, MEASURED IN PCT PLANTED",TOTAL,NOT SPECIFIED,3,
SURVEY,2017,WEEK #14,2017-04-09,NATIONAL,US TOTAL,,,,,,,,0,,CORN,"CORN - PROGRESS, MEASURED IN PCT PLANTED",TOTAL,NOT SPECIFIED,3,
SURVEY,2011,WEEK #14,2011-04-10,NATIONAL,US TOTAL,,,,,,,,0,,CORN,"CORN - PROGRESS, MEASURED IN PCT PLANTED",TOTAL,NOT SPECIFIED,3,
SURVEY,2010,WEEK #14,2010-04-11,NATIONAL,US TOTAL,,,,,,,,0,,CORN,"CORN - PROGRESS, MEASURED IN PCT PLANTED",TOTAL,NOT SPECIFIED,3,
SURVEY,2007,WEEK #14,2007-04-08,NATIONAL,US TOTAL,,,,,,,,0,,CORN,"CORN - PROGRESS, MEASURED IN PCT PLANTED",TOTAL,NOT SPECIFIED,3,
SURVEY,2006,WEEK #14,2006-04-09,NATIONAL,US TOTAL,,,,,,,,0,,CORN,"CORN - PROGRESS, MEASURED IN PCT PLANTED",TOTAL,NOT SPECIFIED,3,
SURVEY,1997,WEEK #14,1997-04-06,NATIONAL,US TOTAL,,,,,,,,0,,CORN,"CORN - PROGRESS, MEASURED IN PCT PLANTED",TOTAL,NOT SPECIFIED,3,
SURVEY,1994,WEEK #14,1994-04-10,NATIONAL,US TOTAL,,,,,,,,0,,CORN,"CORN - PROGRESS, MEASURED IN PCT PLANTED",TOTAL,NOT SPECIFIED,3,
SURVEY,1991,WEEK #14,1991-04-07,NATIONAL,US TOTAL,,,,,,,,0,,CORN,"CORN - PROGRESS, MEASURED IN PCT PLANTED",TOTAL,NOT SPECIFIED,3,
SURVEY,1989,WEEK #14,1989-04-09,NATIONAL,US TOTAL,,,,,,,,0,,CORN,"CORN - PROGRESS, MEASURED IN PCT PLANTED",TOTAL,NOT SPECIFIED,3,
SURVEY,1988,WEEK #14,1988-04-10,NATIONAL,US TOTAL,,,,,,,,0,,CORN,"CORN - PROGRESS, MEASURED IN PCT PLANTED",TOTAL,NOT SPECIFIED,3,
SURVEY,2020,WEEK #15,2020-04-12,NATIONAL,US TOTAL,,,,,,,,0,,CORN,"CORN - PROGRESS, MEASURED IN PCT PLANTED",TOTAL,NOT SPECIFIED,3,
SURVEY,2019,WEEK #15,2019-04-14,NATIONAL,US TOTAL,,,,,,,,0,,CORN,"CORN - PROGRESS, MEASURED IN PCT PLANTED",TOTAL,NOT SPECIFIED,3,
SURVEY,2018,WEEK #15,2018-04-15,NATIONAL,US TOTAL,,,,,,,,0,,CORN,"CORN - PROGRESS, MEASURED IN PCT PLANTED",TOTAL,NOT SPECIFIED,3,
SURVEY,2014,WEEK #15,2014-04-13,NATIONAL,US TOTAL,,,,,,,,0,,CORN,"CORN - PROGRESS, MEASURED IN PCT PLANTED",TOTAL,NOT SPECIFIED,3,
SURVEY,1998,WEEK #15,1998-04-12,NATIONAL,US TOTAL,,,,,,,,0,,CORN,"CORN - PROGRESS, MEASURED IN PCT PLANTED",TOTAL,NOT SPECIFIED,3,
SURVEY,1990,WEEK #15,1990-04-15,NATIONAL,US TOTAL,,,,,,,,0,,CORN,"CORN - PROGRESS, MEASURED IN PCT PLANTED",TOTAL,NOT SPECIFIED,3,
SURVEY,1989,WEEK #15,1989-04-16,NATIONAL,US TOTAL,,,,,,,,0,,CORN,"CORN - PROGRESS, MEASURED IN PCT PLANTED",TOTAL,NOT SPECIFIED,3,
SURVEY,2021,WEEK #14,2021-04-11,NATIONAL,US TOTAL,,,,,,,,0,,CORN,"CORN - PROGRESS, MEASURED IN PCT PLANTED",TOTAL,NOT SPECIFIED,4,
SURVEY,2016,WEEK #14,2016-04-10,NATIONAL,US TOTAL,,,,,,,,0,,CORN,"CORN - PROGRESS, MEASURED IN PCT PLANTED",TOTAL,NOT SPECIFIED,4,
SURVEY,2000,WEEK #14,2000-04-09,NATIONAL,US TOTAL,,,,,,,,0,,CORN,"CORN - PROGRESS, MEASURED IN PCT PLANTED",TOTAL,NOT SPECIFIED,4,
SURVEY,1999,WEEK #14,1999-04-11,NATIONAL,US TOTAL,,,,,,,,0,,CORN,"CORN - PROGRESS, MEASURED IN PCT PLANTED",TOTAL,NOT SPECIFIED,4,
SURVEY,2022,WEEK #15,2022-04-17,NATIONAL,US TOTAL,,,,,,,,0,,CORN,"CORN - PROGRESS, MEASURED IN PCT PLANTED",TOTAL,NOT SPECIFIED,4,
SURVEY,2007,WEEK #15,2007-04-15,NATIONAL,US TOTAL,,,,,,,,0,,CORN,"CORN - PROGRESS, MEASURED IN PCT PLANTED",TOTAL,NOT SPECIFIED,4,
SURVEY,2002,WEEK #15,2002-04-14,NATIONAL,US TOTAL,,,,,,,,0,,CORN,"CORN - PROGRESS, MEASURED IN PCT PLANTED",TOTAL,NOT SPECIFIED,4,
SURVEY,1997,WEEK #15,1997-04-13,NATIONAL,US TOTAL,,,,,,,,0,,CORN,"CORN - PROGRESS, MEASURED IN PCT PLANTED",TOTAL,NOT SPECIFIED,4,
SURVEY,1996,WEEK #15,1996-04-14,NATIONAL,US TOTAL,,,,,,,,0,,CORN,"CORN - PROGRESS, MEASURED IN PCT PLANTED",TOTAL,NOT SPECIFIED,4,
SURVEY,1992,WEEK #15,1992-04-12,NATIONAL,US TOTAL,,,,,,,,0,,CORN,"CORN - PROGRESS, MEASURED IN PCT PLANTED",TOTAL,NOT SPECIFIED,4,
SURVEY,2013,WEEK #16,2013-04-21,NATIONAL,US TOTAL,,,,,,,,0,,CORN,"CORN - PROGRESS, MEASURED IN PCT PLANTED",TOTAL,NOT SPECIFIED,4,
SURVEY,2008,WEEK #16,2008-04-20,NATIONAL,US TOTAL,,,,,,,,0,,CORN,"CORN - PROGRESS, MEASURED IN PCT PLANTED",TOTAL,NOT SPECIFIED,4,
SURVEY,1993,WEEK #16,1993-04-25,NATIONAL,US TOTAL,,,,,,,,0,,CORN,"CORN - PROGRESS, MEASURED IN PCT PLANTED",TOTAL,NOT SPECIFIED,4,
SURVEY,2003,WEEK #15,2003-04-13,NATIONAL,US TOTAL,,,,,,,,0,,CORN,"CORN - PROGRESS, MEASURED IN PCT PLANTED",TOTAL,NOT SPECIFIED,5,
SURVEY,2001,WEEK #15,2001-04-15,NATIONAL,US TOTAL,,,,,,,,0,,CORN,"CORN - PROGRESS, MEASURED IN PCT PLANTED",TOTAL,NOT SPECIFIED,5,
SURVEY,1995,WEEK #15,1995-04-16,NATIONAL,US TOTAL,,,,,,,,0,,CORN,"CORN - PROGRESS, MEASURED IN PCT PLANTED",TOTAL,NOT SPECIFIED,5,
SURVEY,1994,WEEK #15,1994-04-17,NATIONAL,US TOTAL,,,,,,,,0,,CORN,"CORN - PROGRESS, MEASURED IN PCT PLANTED",TOTAL,NOT SPECIFIED,5,
SURVEY,1991,WEEK #15,1991-04-14,NATIONAL,US TOTAL,,,,,,,,0,,CORN,"CORN - PROGRESS, MEASURED IN PCT PLANTED",TOTAL,NOT SPECIFIED,5,
SURVEY,1986,WEEK #15,1986-04-13,NATIONAL,US TOTAL,,,,,,,,0,,CORN,"CORN - PROGRESS, MEASURED IN PCT PLANTED",TOTAL,NOT SPECIFIED,5,
SURVEY,2018,WEEK #16,2018-04-22,NATIONAL,US TOTAL,,,,,,,,0,,CORN,"CORN - PROGRESS, MEASURED IN PCT PLANTED",TOTAL,NOT SPECIFIED,5,
SURVEY,2009,WEEK #16,2009-04-19,NATIONAL,US TOTAL,,,,,,,,0,,CORN,"CORN - PROGRESS, MEASURED IN PCT PLANTED",TOTAL,NOT SPECIFIED,5,
SURVEY,1998,WEEK #16,1998-04-19,NATIONAL,US TOTAL,,,,,,,,0,,CORN,"CORN - PROGRESS, MEASURED IN PCT PLANTED",TOTAL,NOT SPECIFIED,5,
SURVEY,1987,WEEK #16,1987-04-19,NATIONAL,US TOTAL,,,,,,,,0,,CORN,"CORN - PROGRESS, MEASURED IN PCT PLANTED",TOTAL,NOT SPECIFIED,5,
SURVEY,2013,WEEK #17,2013-04-28,NATIONAL,US TOTAL,,,,,,,,0,,CORN,"CORN - PROGRESS, MEASURED IN PCT PLANTED",TOTAL,NOT SPECIFIED,5,
SURVEY,2024,WEEK #15,2024-04-14,NATIONAL,US TOTAL,,,,,,,,0,,CORN,"CORN - PROGRESS, MEASURED IN PCT PLANTED",TOTAL,NOT SPECIFIED,6,
SURVEY,2017,WEEK #15,2017-04-16,NATIONAL,US TOTAL,,,,,,,,0,,CORN,"CORN - PROGRESS, MEASURED IN PCT PLANTED",TOTAL,NOT SPECIFIED,6,
SURVEY,2004,WEEK #15,2004-04-11,NATIONAL,US TOTAL,,,,,,,,0,,CORN,"CORN - PROGRESS, MEASURED IN PCT PLANTED",TOTAL,NOT SPECIFIED,6,
SURVEY,1999,WEEK #15,1999-04-18,NATIONAL,US TOTAL,,,,,,,,0,,CORN,"CORN - PROGRESS, MEASURED IN PCT PLANTED",TOTAL,NOT SPECIFIED,6,
SURVEY,1988,WEEK #15,1988-04-17,NATIONAL,US TOTAL,,,,,,,,0,,CORN,"CORN - PROGRESS, MEASURED IN PCT PLANTED",TOTAL,NOT SPECIFIED,6,
SURVEY,2019,WEEK #16,2019-04-21,NATIONAL,US TOTAL,,,,,,,,0,,CORN,"CORN - PROGRESS, MEASURED IN PCT PLANTED",TOTAL,NOT SPECIFIED,6,
SURVEY,2014,WEEK #16,2014-04-20,NATIONAL,US TOTAL,,,,,,,,0,,CORN,"CORN - PROGRESS, MEASURED IN PCT PLANTED",TOTAL,NOT SPECIFIED,6,
SURVEY,1990,WEEK #16,1990-04-22,NATIONAL,US TOTAL,,,,,,,,0,,CORN,"CORN - PROGRESS, MEASURED IN PCT PLANTED",TOTAL,NOT SPECIFIED,6,
SURVEY,2012,WEEK #14,2012-04-08,NATIONAL,US TOTAL,,,,,,,,0,,CORN,"CORN - PROGRESS, MEASURED IN PCT PLANTED",TOTAL,NOT SPECIFIED,7,
SURVEY,2011,WEEK #15,2011-04-17,NATIONAL,US TOTAL,,,,,,,,0,,CORN,"CORN - PROGRESS, MEASURED IN PCT PLANTED",TOTAL,NOT SPECIFIED,7,
SURVEY,2022,WEEK #16,2022-04-24,NATIONAL,US TOTAL,,,,,,,,0,,CORN,"CORN - PROGRESS, MEASURED IN PCT PLANTED",TOTAL,NOT SPECIFIED,7,
SURVEY,2020,WEEK #16,2020-04-19,NATIONAL,US TOTAL,,,,,,,,0,,CORN,"CORN - PROGRESS, MEASURED IN PCT PLANTED",TOTAL,NOT SPECIFIED,7,
SURVEY,1997,WEEK #16,1997-04-20,NATIONAL,US TOTAL,,,,,,,,0,,CORN,"CORN - PROGRESS, MEASURED IN PCT PLANTED",TOTAL,NOT SPECIFIED,7,
SURVEY,1995,WEEK #16,1995-04-23,NATIONAL,US TOTAL,,,,,,,,0,,CORN,"CORN - PROGRESS, MEASURED IN PCT PLANTED",TOTAL,NOT SPECIFIED,7,
SURVEY,2023,WEEK #15,2023-04-16,NATIONAL,US TOTAL,,,,,,,,0,,CORN,"CORN - PROGRESS, MEASURED IN PCT PLANTED",TOTAL,NOT SPECIFIED,8,
SURVEY,2021,WEEK #15,2021-04-18,NATIONAL,US TOTAL,,,,,,,,0,,CORN,"CORN - PROGRESS, MEASURED IN PCT PLANTED",TOTAL,NOT SPECIFIED,8,
SURVEY,1991,WEEK #16,1991-04-21,NATIONAL,US TOTAL,,,,,,,,0,,CORN,"CORN - PROGRESS, MEASURED IN PCT PLANTED",TOTAL,NOT SPECIFIED,8,
SURVEY,1989,WEEK #16,1989-04-23,NATIONAL,US TOTAL,,,,,,,,0,,CORN,"CORN - PROGRESS, MEASURED IN PCT PLANTED",TOTAL,NOT SPECIFIED,8,
SURVEY,2006,WEEK #15,2006-04-16,NATIONAL,US TOTAL,,,,,,,,0,,CORN,"CORN - PROGRESS, MEASURED IN PCT PLANTED",TOTAL,NOT SPECIFIED,9,
SURVEY,2000,WEEK #15,2000-04-16,NATIONAL,US TOTAL,,,,,,,,0,,CORN,"CORN - PROGRESS, MEASURED IN PCT PLANTED",TOTAL,NOT SPECIFIED,9,
SURVEY,2015,WEEK #16,2015-04-19,NATIONAL,US TOTAL,,,,,,,,0,,CORN,"CORN - PROGRESS, MEASURED IN PCT PLANTED",TOTAL,NOT SPECIFIED,9,
SURVEY,2011,WEEK #16,2011-04-24,NATIONAL,US TOTAL,,,,,,,,0,,CORN,"CORN - PROGRESS, MEASURED IN PCT PLANTED",TOTAL,NOT SPECIFIED,9,
SURVEY,1996,WEEK #16,1996-04-21,NATIONAL,US TOTAL,,,,,,,,0,,CORN,"CORN - PROGRESS, MEASURED IN PCT PLANTED",TOTAL,NOT SPECIFIED,9,
SURVEY,1992,WEEK #16,1992-04-19,NATIONAL,US TOTAL,,,,,,,,0,,CORN,"CORN - PROGRESS, MEASURED IN PCT PLANTED",TOTAL,NOT SPECIFIED,9,
SURVEY,1986,WEEK #16,1986-04-20,NATIONAL,US TOTAL,,,,,,,,0,,CORN,"CORN - PROGRESS, MEASURED IN PCT PLANTED",TOTAL,NOT SPECIFIED,9,
SURVEY,1993,WEEK #17,1993-05-02,NATIONAL,US TOTAL,,,,,,,,0,,CORN,"CORN - PROGRESS, MEASURED IN PCT PLANTED",TOTAL,NOT SPECIFIED,9,
SURVEY,2001,WEEK #16,2001-04-22,NATIONAL,US TOTAL,,,,,,,,0,,CORN,"CORN - PROGRESS, MEASURED IN PCT PLANTED",TOTAL,NOT SPECIFIED,10,
SURVEY,1999,WEEK #16,1999-04-25,NATIONAL,US TOTAL,,,,,,,,0,,CORN,"CORN - PROGRESS, MEASURED IN PCT PLANTED",TOTAL,NOT SPECIFIED,10,
SURVEY,2008,WEEK #17,2008-04-27,NATIONAL,US TOTAL,,,,,,,,0,,CORN,"CORN - PROGRESS, MEASURED IN PCT PLANTED",TOTAL,NOT SPECIFIED,10,
SURVEY,1995,WEEK #17,1995-04-30,NATIONAL,US TOTAL,,,,,,,,0,,CORN,"CORN - PROGRESS, MEASURED IN PCT PLANTED",TOTAL,NOT SPECIFIED,10,
SURVEY,2007,WEEK #16,2007-04-22,NATIONAL,US TOTAL,,,,,,,,0,,CORN,"CORN - PROGRESS, MEASURED IN PCT PLANTED",TOTAL,NOT SPECIFIED,11,
SURVEY,1992,WEEK #17,1992-04-26,NATIONAL,US TOTAL,,,,,,,,0,,CORN,"CORN - PROGRESS, MEASURED IN PCT PLANTED",TOTAL,NOT SPECIFIED,11,
SURVEY,2024,WEEK #16,2024-04-21,NATIONAL,US TOTAL,,,,,,,,0,,CORN,"CORN - PROGRESS, MEASURED IN PCT PLANTED",TOTAL,NOT SPECIFIED,12,
SURVEY,2003,WEEK #16,2003-04-20,NATIONAL,US TOTAL,,,,,,,,0,,CORN,"CORN - PROGRESS, MEASURED IN PCT PLANTED",TOTAL,NOT SPECIFIED,12,
SURVEY,2013,WEEK #18,2013-05-05,NATIONAL,US TOTAL,,,,,,,,0,,CORN,"CORN - PROGRESS, MEASURED IN PCT PLANTED",TOTAL,NOT SPECIFIED,12,
SURVEY,2016,WEEK #15,2016-04-17,NATIONAL,US TOTAL,,,,,,,,0,,CORN,"CORN - PROGRESS, MEASURED IN PCT PLANTED",TOTAL,NOT SPECIFIED,13,
SURVEY,2002,WEEK #16,2002-04-21,NATIONAL,US TOTAL,,,,,,,,0,,CORN,"CORN - PROGRESS, MEASURED IN PCT PLANTED",TOTAL,NOT SPECIFIED,13,
SURVEY,2011,WEEK #17,2011-05-01,NATIONAL,US TOTAL,,,,,,,,0,,CORN,"CORN - PROGRESS, MEASURED IN PCT PLANTED",TOTAL,NOT SPECIFIED,13,
SURVEY,1987,WEEK #17,1987-04-26,NATIONAL,US TOTAL,,,,,,,,0,,CORN,"CORN - PROGRESS, MEASURED IN PCT PLANTED",TOTAL,NOT SPECIFIED,13,
SURVEY,2005,WEEK #15,2005-04-17,NATIONAL,US TOTAL,,,,,,,,0,,CORN,"CORN - PROGRESS, MEASURED IN PCT PLANTED",TOTAL,NOT SPECIFIED,14,
SURVEY,2023,WEEK #16,2023-04-23,NATIONAL,US TOTAL,,,,,,,,0,,CORN,"CORN - PROGRESS, MEASURED IN PCT PLANTED",TOTAL,NOT SPECIFIED,14,
SURVEY,2022,WEEK #17,2022-05-01,NATIONAL,US TOTAL,,,,,,,,0,,CORN,"CORN - PROGRESS, MEASURED IN PCT PLANTED",TOTAL,NOT SPECIFIED,14,
SURVEY,1988,WEEK #16,1988-04-24,NATIONAL,US TOTAL,,,,,,,,0,,CORN,"CORN - PROGRESS, MEASURED IN PCT PLANTED",TOTAL,NOT SPECIFIED,15,
SURVEY,2019,WEEK #17,2019-04-28,NATIONAL,US TOTAL,,,,,,,,0,,CORN,"CORN - PROGRESS, MEASURED IN PCT PLANTED",TOTAL,NOT SPECIFIED,15,
SURVEY,1998,WEEK #17,1998-04-26,NATIONAL,US TOTAL,,,,,,,,0,,CORN,"CORN - PROGRESS, MEASURED IN PCT PLANTED",TOTAL,NOT SPECIFIED,15,
SURVEY,1994,WEEK #16,1994-04-24,NATIONAL,US TOTAL,,,,,,,,0,,CORN,"CORN - PROGRESS, MEASURED IN PCT PLANTED",TOTAL,NOT SPECIFIED,16,
SURVEY,1991,WEEK #17,1991-04-28,NATIONAL,US TOTAL,,,,,,,,0,,CORN,"CORN - PROGRESS, MEASURED IN PCT PLANTED",TOTAL,NOT SPECIFIED,16,
SURVEY,1986,WEEK #17,1986-04-27,NATIONAL,US TOTAL,,,,,,,,0,,CORN,"CORN - PROGRESS, MEASURED IN PCT PLANTED",TOTAL,NOT SPECIFIED,16,
SURVEY,2012,WEEK #15,2012-04-15,NATIONAL,US TOTAL,,,,,,,,0,,CORN,"CORN - PROGRESS, MEASURED IN PCT PLANTED",TOTAL,NOT SPECIFIED,17,
SURVEY,2021,WEEK #16,2021-04-25,NATIONAL,US TOTAL,,,,,,,,0,,CORN,"CORN - PROGRESS, MEASURED IN PCT PLANTED",TOTAL,NOT SPECIFIED,17,
SURVEY,2017,WEEK #16,2017-04-23,NATIONAL,US TOTAL,,,,,,,,0,,CORN,"CORN - PROGRESS, MEASURED IN PCT PLANTED",TOTAL,NOT SPECIFIED,17,
SURVEY,2018,WEEK #17,2018-04-29,NATIONAL,US TOTAL,,,,,,,,0,,CORN,"CORN - PROGRESS, MEASURED IN PCT PLANTED",TOTAL,NOT SPECIFIED,17,
SURVEY,1997,WEEK #17,1997-04-27,NATIONAL,US TOTAL,,,,,,,,0,,CORN,"CORN - PROGRESS, MEASURED IN PCT PLANTED",TOTAL,NOT SPECIFIED,18,
SURVEY,1993,WEEK #18,1993-05-09,NATIONAL,US TOTAL,,,,,,,,0,,CORN,"CORN - PROGRESS, MEASURED IN PCT PLANTED",TOTAL,NOT SPECIFIED,18,
SURVEY,2010,WEEK #15,2010-04-18,NATIONAL,US TOTAL,,,,,,,,0,,CORN,"CORN - PROGRESS, MEASURED IN PCT PLANTED",TOTAL,NOT SPECIFIED,19,
SURVEY,2000,WEEK #16,2000-04-23,NATIONAL,US TOTAL,,,,,,,,0,,CORN,"CORN - PROGRESS, MEASURED IN PCT PLANTED",TOTAL,NOT SPECIFIED,19,
SURVEY,2015,WEEK #17,2015-04-26,NATIONAL,US TOTAL,,,,,,,,0,,CORN,"CORN - PROGRESS, MEASURED IN PCT PLANTED",TOTAL,NOT SPECIFIED,19,
SURVEY,2014,WEEK #17,2014-04-27,NATIONAL,US TOTAL,,,,,,,,0,,CORN,"CORN - PROGRESS, MEASURED IN PCT PLANTED",TOTAL,NOT SPECIFIED,19,
SURVEY,2004,WEEK #16,2004-04-18,NATIONAL,US TOTAL,,,,,,,,0,,CORN,"CORN - PROGRESS, MEASURED IN PCT PLANTED",TOTAL,NOT SPECIFIED,20,
SURVEY,1995,WEEK #18,1995-05-07,NATIONAL,US TOTAL,,,,,,,,0,,CORN,"CORN - PROGRESS, MEASURED IN PCT PLANTED",TOTAL,NOT SPECIFIED,20,
SURVEY,1999,WEEK #17,1999-05-02,NATIONAL,US TOTAL,,,,,,,,0,,CORN,"CORN - PROGRESS, MEASURED IN PCT PLANTED",TOTAL,NOT SPECIFIED,21,
SURVEY,1990,WEEK #17,1990-04-29,NATIONAL,US TOTAL,,,,,,,,0,,CORN,"CORN - PROGRESS, MEASURED IN PCT PLANTED",TOTAL,NOT SPECIFIED,21,
SURVEY,2009,WEEK #17,2009-04-26,NATIONAL,US TOTAL,,,,,,,,0,,CORN,"CORN - PROGRESS, MEASURED IN PCT PLANTED",TOTAL,NOT SPECIFIED,22,
SURVEY,1996,WEEK #17,1996-04-28,NATIONAL,US TOTAL,,,,,,,,0,,CORN,"CORN - PROGRESS, MEASURED IN PCT PLANTED",TOTAL,NOT SPECIFIED,22,
SURVEY,2022,WEEK #18,2022-05-08,NATIONAL,US TOTAL,,,,,,,,0,,CORN,"CORN - PROGRESS, MEASURED IN PCT PLANTED",TOTAL,NOT SPECIFIED,22,
SURVEY,2007,WEEK #17,2007-04-29,NATIONAL,US TOTAL,,,,,,,,0,,CORN,"CORN - PROGRESS, MEASURED IN PCT PLANTED",TOTAL,NOT SPECIFIED,23,
SURVEY,2019,WEEK #18,2019-05-05,NATIONAL,US TOTAL,,,,,,,,0,,CORN,"CORN - PROGRESS, MEASURED IN PCT PLANTED",TOTAL,NOT SPECIFIED,23,
SURVEY,2006,WEEK #16,2006-04-23,NATIONAL,US TOTAL,,,,,,,,0,,CORN,"CORN - PROGRESS, MEASURED IN PCT PLANTED",TOTAL,NOT SPECIFIED,25,
SURVEY,1989,WEEK #17,1989-04-30,NATIONAL,US TOTAL,,,,,,,,0,,CORN,"CORN - PROGRESS, MEASURED IN PCT PLANTED",TOTAL,NOT SPECIFIED,25,
SURVEY,2023,WEEK #17,2023-04-30,NATIONAL,US TOTAL,,,,,,,,0,,CORN,"CORN - PROGRESS, MEASURED IN PCT PLANTED",TOTAL,NOT SPECIFIED,26,
SURVEY,2002,WEEK #17,2002-04-28,NATIONAL,US TOTAL,,,,,,,,0,,CORN,"CORN - PROGRESS, MEASURED IN PCT PLANTED",TOTAL,NOT SPECIFIED,26,
SURVEY,2024,WEEK #17,2024-04-28,NATIONAL,US TOTAL,,,,,,,,0,,CORN,"CORN - PROGRESS, MEASURED IN PCT PLANTED",TOTAL,NOT SPECIFIED,27,
SURVEY,2020,WEEK #17,2020-04-26,NATIONAL,US TOTAL,,,,,,,,0,,CORN,"CORN - PROGRESS, MEASURED IN PCT PLANTED",TOTAL,NOT SPECIFIED,27,
SURVEY,2008,WEEK #18,2008-05-04,NATIONAL,US TOTAL,,,,,,,,0,,CORN,"CORN - PROGRESS, MEASURED IN PCT PLANTED",TOTAL,NOT SPECIFIED,27,
SURVEY,2012,WEEK #16,2012-04-22,NATIONAL,US TOTAL,,,,,,,,0,,CORN,"CORN - PROGRESS, MEASURED IN PCT PLANTED",TOTAL,NOT SPECIFIED,28,
SURVEY,2001,WEEK #17,2001-04-29,NATIONAL,US TOTAL,,,,,,,,0,,CORN,"CORN - PROGRESS, MEASURED IN PCT PLANTED",TOTAL,NOT SPECIFIED,28,
SURVEY,1992,WEEK #18,1992-05-03,NATIONAL,US TOTAL,,,,,,,,0,,CORN,"CORN - PROGRESS, MEASURED IN PCT PLANTED",TOTAL,NOT SPECIFIED,28,
SURVEY,2013,WEEK #19,2013-05-12,NATIONAL,US TOTAL,,,,,,,,0,,CORN,"CORN - PROGRESS, MEASURED IN PCT PLANTED",TOTAL,NOT SPECIFIED,28,
SURVEY,2003,WEEK #17,2003-04-27,NATIONAL,US TOTAL,,,,,,,,0,,CORN,"CORN - PROGRESS, MEASURED IN PCT PLANTED",TOTAL,NOT SPECIFIED,29,
SURVEY,2014,WEEK #18,2014-05-04,NATIONAL,US TOTAL,,,,,,,,0,,CORN,"CORN - PROGRESS, MEASURED IN PCT PLANTED",TOTAL,NOT SPECIFIED,29,
SURVEY,2016,WEEK #16,2016-04-24,NATIONAL,US TOTAL,,,,,,,,0,,CORN,"CORN - PROGRESS, MEASURED IN PCT PLANTED",TOTAL,NOT SPECIFIED,30,
SURVEY,2005,WEEK #16,2005-04-24,NATIONAL,US TOTAL,,,,,,,,0,,CORN,"CORN - PROGRESS, MEASURED IN PCT PLANTED",TOTAL,NOT SPECIFIED,30,
SURVEY,2019,WEEK #19,2019-05-12,NATIONAL,US TOTAL,,,,,,,,0,,CORN,"CORN - PROGRESS, MEASURED IN PCT PLANTED",TOTAL,NOT SPECIFIED,30,
SURVEY,1991,WEEK #18,1991-05-05,NATIONAL,US TOTAL,,,,,,,,0,,CORN,"CORN - PROGRESS, MEASURED IN PCT PLANTED",TOTAL,NOT SPECIFIED,32,
SURVEY,2009,WEEK #18,2009-05-03,NATIONAL,US TOTAL,,,,,,,,0,,CORN,"CORN - PROGRESS, MEASURED IN PCT PLANTED",TOTAL,NOT SPECIFIED,33,
SURVEY,2017,WEEK #17,2017-04-30,NATIONAL,US TOTAL,,,,,,,,0,,CORN,"CORN - PROGRESS, MEASURED IN PCT PLANTED",TOTAL,NOT SPECIFIED,34,
SURVEY,1986,WEEK #18,1986-05-04,NATIONAL,US TOTAL,,,,,,,,0,,CORN,"CORN - PROGRESS, MEASURED IN PCT PLANTED",TOTAL,NOT SPECIFIED,35,
SURVEY,1988,WEEK #17,1988-05-01,NATIONAL,US TOTAL,,,,,,,,0,,CORN,"CORN - PROGRESS, MEASURED IN PCT PLANTED",TOTAL,NOT SPECIFIED,36,
SURVEY,2024,WEEK #18,2024-05-05,NATIONAL,US TOTAL,,,,,,,,0,,CORN,"CORN - PROGRESS, MEASURED IN PCT PLANTED",TOTAL,NOT SPECIFIED,36,
SURVEY,1995,WEEK #19,1995-05-14,NATIONAL,US TOTAL,,,,,,,,0,,CORN,"CORN - PROGRESS, MEASURED IN PCT PLANTED",TOTAL,NOT SPECIFIED,36,
SURVEY,2004,WEEK #17,2004-04-25,NATIONAL,US TOTAL,,,,,,,,0,,CORN,"CORN - PROGRESS, MEASURED IN PCT PLANTED",TOTAL,NOT SPECIFIED,37,
SURVEY,2018,WEEK #18,2018-05-06,NATIONAL,US TOTAL,,,,,,,,0,,CORN,"CORN - PROGRESS, MEASURED IN PCT PLANTED",TOTAL,NOT SPECIFIED,39,
SURVEY,1998,WEEK #18,1998-05-03,NATIONAL,US TOTAL,,,,,,,,0,,CORN,"CORN - PROGRESS, MEASURED IN PCT PLANTED",TOTAL,NOT SPECIFIED,39,
SURVEY,2011,WEEK #18,2011-05-08,NATIONAL,US TOTAL,,,,,,,,0,,CORN,"CORN - PROGRESS, MEASURED IN PCT PLANTED",TOTAL,NOT SPECIFIED,40,
SURVEY,1993,WEEK #19,1993-05-16,NATIONAL,US TOTAL,,,,,,,,0,,CORN,"CORN - PROGRESS, MEASURED IN PCT PLANTED",TOTAL,NOT SPECIFIED,40,
SURVEY,1996,WEEK #18,1996-05-05,NATIONAL,US TOTAL,,,,,,,,0,,CORN,"CORN - PROGRESS, MEASURED IN PCT PLANTED",TOTAL,NOT SPECIFIED,41,
SURVEY,1994,WEEK #17,1994-05-01,NATIONAL,US TOTAL,,,,,,,,0,,CORN,"CORN - PROGRESS, MEASURED IN PCT PLANTED",TOTAL,NOT SPECIFIED,42,
SURVEY,2002,WEEK #18,2002-05-05,NATIONAL,US TOTAL,,,,,,,,0,,CORN,"CORN - PROGRESS, MEASURED IN PCT PLANTED",TOTAL,NOT SPECIFIED,42,
SURVEY,1989,WEEK #18,1989-05-07,NATIONAL,US TOTAL,,,,,,,,0,,CORN,"CORN - PROGRESS, MEASURED IN PCT PLANTED",TOTAL,NOT SPECIFIED,43,
SURVEY,2016,WEEK #17,2016-05-01,NATIONAL,US TOTAL,,,,,,,,0,,CORN,"CORN - PROGRESS, MEASURED IN PCT PLANTED",TOTAL,NOT SPECIFIED,45,
SURVEY,2021,WEEK #17,2021-05-02,NATIONAL,US TOTAL,,,,,,,,0,,CORN,"CORN - PROGRESS, MEASURED IN PCT PLANTED",TOTAL,NOT SPECIFIED,46,
SURVEY,2017,WEEK #18,2017-05-07,NATIONAL,US TOTAL,,,,,,,,0,,CORN,"CORN - PROGRESS, MEASURED IN PCT PLANTED",TOTAL,NOT SPECIFIED,47,
SURVEY,1987,WEEK #18,1987-05-03,NATIONAL,US TOTAL,,,,,,,,0,,CORN,"CORN - PROGRESS, MEASURED IN PCT PLANTED",TOTAL,NOT SPECIFIED,48,
SURVEY,2009,WEEK #19,2009-05-10,NATIONAL,US TOTAL,,,,,,,,0,,CORN,"CORN - PROGRESS, MEASURED IN PCT PLANTED",TOTAL,NOT SPECIFIED,48,
SURVEY,2000,WEEK #17,2000-04-30,NATIONAL,US TOTAL,,,,,,,,0,,CORN,"CORN - PROGRESS, MEASURED IN PCT PLANTED",TOTAL,NOT SPECIFIED,49,
SURVEY,2023,WEEK #18,2023-05-07,NATIONAL,US TOTAL,,,,,,,,0,,CORN,"CORN - PROGRESS, MEASURED IN PCT PLANTED",TOTAL,NOT SPECIFIED,49,
SURVEY,2024,WEEK #19,2024-05-12,NATIONAL,US TOTAL,,,,,,,,0,,CORN,"CORN - PROGRESS, MEASURED IN PCT PLANTED",TOTAL,NOT SPECIFIED,49,
SURVEY,2022,WEEK #19,2022-05-15,NATIONAL,US TOTAL,,,,,,,,0,,CORN,"CORN - PROGRESS, MEASURED IN PCT PLANTED",TOTAL,NOT SPECIFIED,49,
SURVEY,2019,WEEK #20,2019-05-19,NATIONAL,US TOTAL,,,,,,,,0,,CORN,"CORN - PROGRESS, MEASURED IN PCT PLANTED",TOTAL,NOT SPECIFIED,49,
SURVEY,2010,WEEK #16,2010-04-25,NATIONAL,US TOTAL,,,,,,,,0,,CORN,"CORN - PROGRESS, MEASURED IN PCT PLANTED",TOTAL,NOT SPECIFIED,50,
SURVEY,1997,WEEK #18,1997-05-04,NATIONAL,US TOTAL,,,,,,,,0,,CORN,"CORN - PROGRESS, MEASURED IN PCT PLANTED",TOTAL,NOT SPECIFIED,50,
SURVEY,1990,WEEK #18,1990-05-06,NATIONAL,US TOTAL,,,,,,,,0,,CORN,"CORN - PROGRESS, MEASURED IN PCT PLANTED",TOTAL,NOT SPECIFIED,50,
SURVEY,2020,WEEK #18,2020-05-03,NATIONAL,US TOTAL,,,,,,,,0,,CORN,"CORN - PROGRESS, MEASURED IN PCT PLANTED",TOTAL,NOT SPECIFIED,51,
SURVEY,2008,WEEK #19,2008-05-11,NATIONAL,US TOTAL,,,,,,,,0,,CORN,"CORN - PROGRESS, MEASURED IN PCT PLANTED",TOTAL,NOT SPECIFIED,51,
SURVEY,1991,WEEK #19,1991-05-12,NATIONAL,US TOTAL,,,,,,,,0,,CORN,"CORN - PROGRESS, MEASURED IN PCT PLANTED",TOTAL,NOT SPECIFIED,51,
SURVEY,2006,WEEK #17,2006-04-30,NATIONAL,US TOTAL,,,,,,,,0,,CORN,"CORN - PROGRESS, MEASURED IN PCT PLANTED",TOTAL,NOT SPECIFIED,52,
SURVEY,2005,WEEK #17,2005-05-01,NATIONAL,US TOTAL,,,,,,,,0,,CORN,"CORN - PROGRESS, MEASURED IN PCT PLANTED",TOTAL,NOT SPECIFIED,52,
SURVEY,2012,WEEK #17,2012-04-29,NATIONAL,US TOTAL,,,,,,,,0,,CORN,"CORN - PROGRESS, MEASURED IN PCT PLANTED",TOTAL,NOT SPECIFIED,53,
SURVEY,2007,WEEK #18,2007-05-06,NATIONAL,US TOTAL,,,,,,,,0,,CORN,"CORN - PROGRESS, MEASURED IN PCT PLANTED",TOTAL,NOT SPECIFIED,53,
SURVEY,1996,WEEK #19,1996-05-12,NATIONAL,US TOTAL,,,,,,,,0,,CORN,"CORN - PROGRESS, MEASURED IN PCT PLANTED",TOTAL,NOT SPECIFIED,53,
SURVEY,2015,WEEK #18,2015-05-03,NATIONAL,US TOTAL,,,,,,,,0,,CORN,"CORN - PROGRESS, MEASURED IN PCT PLANTED",TOTAL,NOT SPECIFIED,55,
SURVEY,2003,WEEK #18,2003-05-04,NATIONAL,US TOTAL,,,,,,,,0,,CORN,"CORN - PROGRESS, MEASURED IN PCT PLANTED",TOTAL,NOT SPECIFIED,55,
SURVEY,1999,WEEK #18,1999-05-09,NATIONAL,US TOTAL,,,,,,,,0,,CORN,"CORN - PROGRESS, MEASURED IN PCT PLANTED",TOTAL,NOT SPECIFIED,55,
SURVEY,1995,WEEK #20,1995-05-21,NATIONAL,US TOTAL,,,,,,,,0,,CORN,"CORN - PROGRESS, MEASURED IN PCT PLANTED",TOTAL,NOT SPECIFIED,56,
SURVEY,2001,WEEK #18,2001-05-06,NATIONAL,US TOTAL,,,,,,,,0,,CORN,"CORN - PROGRESS, MEASURED IN PCT PLANTED",TOTAL,NOT SPECIFIED,58,
SURVEY,1994,WEEK #18,1994-05-08,NATIONAL,US TOTAL,,,,,,,,0,,CORN,"CORN - PROGRESS, MEASURED IN PCT PLANTED",TOTAL,NOT SPECIFIED,58,
SURVEY,2019,WEEK #21,2019-05-26,NATIONAL,US TOTAL,,,,,,,,0,,CORN,"CORN - PROGRESS, MEASURED IN PCT PLANTED",TOTAL,NOT SPECIFIED,58,
SURVEY,2014,WEEK #19,2014-05-11,NATIONAL,US TOTAL,,,,,,,,0,,CORN,"CORN - PROGRESS, MEASURED IN PCT PLANTED",TOTAL,NOT SPECIFIED,59,
SURVEY,1998,WEEK #19,1998-05-10,NATIONAL,US TOTAL,,,,,,,,0,,CORN,"CORN - PROGRESS, MEASURED IN PCT PLANTED",TOTAL,NOT SPECIFIED,60,
SURVEY,1996,WEEK #20,1996-05-19,NATIONAL,US TOTAL,,,,,,,,0,,CORN,"CORN - PROGRESS, MEASURED IN PCT PLANTED",TOTAL,NOT SPECIFIED,61,
SURVEY,2018,WEEK #19,2018-05-13,NATIONAL,US TOTAL,,,,,,,,0,,CORN,"CORN - PROGRESS, MEASURED IN PCT PLANTED",TOTAL,NOT SPECIFIED,62,
SURVEY,2002,WEEK #19,2002-05-12,NATIONAL,US TOTAL,,,,,,,,0,,CORN,"CORN - PROGRESS, MEASURED IN PCT PLANTED",TOTAL,NOT SPECIFIED,62,
SURVEY,2009,WEEK #20,2009-05-17,NATIONAL,US TOTAL,,,,,,,,0,,CORN,"CORN - PROGRESS, MEASURED IN PCT PLANTED",TOTAL,NOT SPECIFIED,62,
SURVEY,2004,WEEK #18,2004-05-02,NATIONAL,US TOTAL,,,,,,,,0,,CORN,"CORN - PROGRESS, MEASURED IN PCT PLANTED",TOTAL,NOT SPECIFIED,63,
SURVEY,2011,WEEK #19,2011-05-15,NATIONAL,US TOTAL,,,,,,,,0,,CORN,"CORN - PROGRESS, MEASURED IN PCT PLANTED",TOTAL,NOT SPECIFIED,63,
SURVEY,2016,WEEK #18,2016-05-08,NATIONAL,US TOTAL,,,,,,,,0,,CORN,"CORN - PROGRESS, MEASURED IN PCT PLANTED",TOTAL,NOT SPECIFIED,64,
SURVEY,2003,WEEK #19,2003-05-11,NATIONAL,US TOTAL,,,,,,,,0,,CORN,"CORN - PROGRESS, MEASURED IN PCT PLANTED",TOTAL,NOT SPECIFIED,64,
SURVEY,1986,WEEK #19,1986-05-11,NATIONAL,US TOTAL,,,,,,,,0,,CORN,"CORN - PROGRESS, MEASURED IN PCT PLANTED",TOTAL,NOT SPECIFIED,64,
SURVEY,2023,WEEK #19,2023-05-14,NATIONAL,US TOTAL,,,,,,,,0,,CORN,"CORN - PROGRESS, MEASURED IN PCT PLANTED",TOTAL,NOT SPECIFIED,65,
SURVEY,2021,WEEK #18,2021-05-09,NATIONAL,US TOTAL,,,,,,,,0,,CORN,"CORN - PROGRESS, MEASURED IN PCT PLANTED",TOTAL,NOT SPECIFIED,67,
SURVEY,2020,WEEK #19,2020-05-10,NATIONAL,US TOTAL,,,,,,,,0,,CORN,"CORN - PROGRESS, MEASURED IN PCT PLANTED",TOTAL,NOT SPECIFIED,67,
SURVEY,2019,WEEK #22,2019-06-02,NATIONAL,US TOTAL,,,,,,,,0,,CORN,"CORN - PROGRESS, MEASURED IN PCT PLANTED",TOTAL,NOT SPECIFIED,67,
SURVEY,2010,WEEK #17,2010-05-02,NATIONAL,US TOTAL,,,,,,,,0,,CORN,"CORN - PROGRESS, MEASURED IN PCT PLANTED",TOTAL,NOT SPECIFIED,68,
SURVEY,1989,WEEK #19,1989-05-14,NATIONAL,US TOTAL,,,,,,,,0,,CORN,"CORN - PROGRESS, MEASURED IN PCT PLANTED",TOTAL,NOT SPECIFIED,68,
SURVEY,1990,WEEK #19,1990-05-13,NATIONAL,US TOTAL,,,,,,,,0,,CORN,"CORN - PROGRESS, MEASURED IN PCT PLANTED",TOTAL,NOT SPECIFIED,69,
SURVEY,2006,WEEK #18,2006-05-07,NATIONAL,US TOTAL,,,,,,,,0,,CORN,"CORN - PROGRESS, MEASURED IN PCT PLANTED",TOTAL,NOT SPECIFIED,70,
SURVEY,1988,WEEK #18,1988-05-08,NATIONAL,US TOTAL,,,,,,,,0,,CORN,"CORN - PROGRESS, MEASURED IN PCT PLANTED",TOTAL,NOT SPECIFIED,70,
SURVEY,2024,WEEK #20,2024-05-19,NATIONAL,US TOTAL,,,,,,,,0,,CORN,"CORN - PROGRESS, MEASURED IN PCT PLANTED",TOTAL,NOT SPECIFIED,70,
SURVEY,2002,WEEK #20,2002-05-19,NATIONAL,US TOTAL,,,,,,,,0,,CORN,"CORN - PROGRESS, MEASURED IN PCT PLANTED",TOTAL,NOT SPECIFIED,70,
SURVEY,2012,WEEK #18,2012-05-06,NATIONAL,US TOTAL,,,,,,,,0,,CORN,"CORN - PROGRESS, MEASURED IN PCT PLANTED",TOTAL,NOT SPECIFIED,71,
SURVEY,2017,WEEK #19,2017-05-14,NATIONAL,US TOTAL,,,,,,,,0,,CORN,"CORN - PROGRESS, MEASURED IN PCT PLANTED",TOTAL,NOT SPECIFIED,71,
SURVEY,1997,WEEK #19,1997-05-11,NATIONAL,US TOTAL,,,,,,,,0,,CORN,"CORN - PROGRESS, MEASURED IN PCT PLANTED",TOTAL,NOT SPECIFIED,71,
SURVEY,1992,WEEK #19,1992-05-10,NATIONAL,US TOTAL,,,,,,,,0,,CORN,"CORN - PROGRESS, MEASURED IN PCT PLANTED",TOTAL,NOT SPECIFIED,71,
SURVEY,2013,WEEK #20,2013-05-19,NATIONAL,US TOTAL,,,,,,,,0,,CORN,"CORN - PROGRESS, MEASURED IN PCT PLANTED",TOTAL,NOT SPECIFIED,71,
SURVEY,1993,WEEK #20,1993-05-23,NATIONAL,US TOTAL,,,,,,,,0,,CORN,"CORN - PROGRESS, MEASURED IN PCT PLANTED",TOTAL,NOT SPECIFIED,71,
SURVEY,1995,WEEK #21,1995-05-28,NATIONAL,US TOTAL,,,,,,,,0,,CORN,"CORN - PROGRESS, MEASURED IN PCT PLANTED",TOTAL,NOT SPECIFIED,71,
SURVEY,2001,WEEK #19,2001-05-13,NATIONAL,US TOTAL,,,,,,,,0,,CORN,"CORN - PROGRESS, MEASURED IN PCT PLANTED",TOTAL,NOT SPECIFIED,72,
SURVEY,2022,WEEK #20,2022-05-22,NATIONAL,US TOTAL,,,,,,,,0,,CORN,"CORN - PROGRESS, MEASURED IN PCT PLANTED",TOTAL,NOT SPECIFIED,72,
SURVEY,2014,WEEK #20,2014-05-18,NATIONAL,US TOTAL,,,,,,,,0,,CORN,"CORN - PROGRESS, MEASURED IN PCT PLANTED",TOTAL,NOT SPECIFIED,73,
SURVEY,2008,WEEK #20,2008-05-18,NATIONAL,US TOTAL,,,,,,,,0,,CORN,"CORN - PROGRESS, MEASURED IN PCT PLANTED",TOTAL,NOT SPECIFIED,73,
SURVEY,2016,WEEK #19,2016-05-15,NATIONAL,US TOTAL,,,,,,,,0,,CORN,"CORN - PROGRESS, MEASURED IN PCT PLANTED",TOTAL,NOT SPECIFIED,75,
SURVEY,2015,WEEK #19,2015-05-10,NATIONAL,US TOTAL,,,,,,,,0,,CORN,"CORN - PROGRESS, MEASURED IN PCT PLANTED",TOTAL,NOT SPECIFIED,75,
SURVEY,1987,WEEK #19,1987-05-10,NATIONAL,US TOTAL,,,,,,,,0,,CORN,"CORN - PROGRESS, MEASURED IN PCT PLANTED",TOTAL,NOT SPECIFIED,76,
SURVEY,1990,WEEK #20,1990-05-20,NATIONAL,US TOTAL,,,,,,,,0,,CORN,"CORN - PROGRESS, MEASURED IN PCT PLANTED",TOTAL,NOT SPECIFIED,76,
SURVEY,1999,WEEK #19,1999-05-16,NATIONAL,US TOTAL,,,,,,,,0,,CORN,"CORN - PROGRESS, MEASURED IN PCT PLANTED",TOTAL,NOT SPECIFIED,77,
SURVEY,2003,WEEK #20,2003-05-18,NATIONAL,US TOTAL,,,,,,,,0,,CORN,"CORN - PROGRESS, MEASURED IN PCT PLANTED",TOTAL,NOT SPECIFIED,77,
SURVEY,1986,WEEK #20,1986-05-18,NATIONAL,US TOTAL,,,,,,,,0,,CORN,"CORN - PROGRESS, MEASURED IN PCT PLANTED",TOTAL,NOT SPECIFIED,77,
SURVEY,2000,WEEK #18,2000-05-07,NATIONAL,US TOTAL,,,,,,,,0,,CORN,"CORN - PROGRESS, MEASURED IN PCT PLANTED",TOTAL,NOT SPECIFIED,78,
SURVEY,2007,WEEK #19,2007-05-13,NATIONAL,US TOTAL,,,,,,,,0,,CORN,"CORN - PROGRESS, MEASURED IN PCT PLANTED",TOTAL,NOT SPECIFIED,78,
SURVEY,1994,WEEK #19,1994-05-15,NATIONAL,US TOTAL,,,,,,,,0,,CORN,"CORN - PROGRESS, MEASURED IN PCT PLANTED",TOTAL,NOT SPECIFIED,78,
SURVEY,1998,WEEK #20,1998-05-17,NATIONAL,US TOTAL,,,,,,,,0,,CORN,"CORN - PROGRESS, MEASURED IN PCT PLANTED",TOTAL,NOT SPECIFIED,78,
SURVEY,1991,WEEK #20,1991-05-19,NATIONAL,US TOTAL,,,,,,,,0,,CORN,"CORN - PROGRESS, MEASURED IN PCT PLANTED",TOTAL,NOT SPECIFIED,78,
SURVEY,1996,WEEK #21,1996-05-26,NATIONAL,US TOTAL,,,,,,,,0,,CORN,"CORN - PROGRESS, MEASURED IN PCT PLANTED",TOTAL,NOT SPECIFIED,78,
SURVEY,2005,WEEK #18,2005-05-08,NATIONAL,US TOTAL,,,,,,,,0,,CORN,"CORN - PROGRESS, MEASURED IN PCT PLANTED",TOTAL,NOT SPECIFIED,79,
SURVEY,2011,WEEK #20,2011-05-22,NATIONAL,US TOTAL,,,,,,,,0,,CORN,"CORN - PROGRESS, MEASURED IN PCT PLANTED",TOTAL,NOT SPECIFIED,79,
SURVEY,2021,WEEK #19,2021-05-16,NATIONAL,US TOTAL,,,,,,,,0,,CORN,"CORN - PROGRESS, MEASURED IN PCT PLANTED",TOTAL,NOT SPECIFIED,80,
SURVEY,2020,WEEK #20,2020-05-17,NATIONAL,US TOTAL,,,,,,,,0,,CORN,"CORN - PROGRESS, MEASURED IN PCT PLANTED",TOTAL,NOT SPECIFIED,80,
SURVEY,1995,WEEK #22,1995-06-04,NATIONAL,US TOTAL,,,,,,,,0,,CORN,"CORN - PROGRESS, MEASURED IN PCT PLANTED",TOTAL,NOT SPECIFIED,80,
SURVEY,2010,WEEK #18,2010-05-09,NATIONAL,US TOTAL,,,,,,,,0,,CORN,"CORN - PROGRESS, MEASURED IN PCT PLANTED",TOTAL,NOT SPECIFIED,81,
SURVEY,2023,WEEK #20,2023-05-21,NATIONAL,US TOTAL,,,,,,,,0,,CORN,"CORN - PROGRESS, MEASURED IN PCT PLANTED",TOTAL,NOT SPECIFIED,81,
SURVEY,2018,WEEK #20,2018-05-20,NATIONAL,US TOTAL,,,,,,,,0,,CORN,"CORN - PROGRESS, MEASURED IN PCT PLANTED",TOTAL,NOT SPECIFIED,81,
SURVEY,1990,WEEK #21,1990-05-27,NATIONAL,US TOTAL,,,,,,,,0,,CORN,"CORN - PROGRESS, MEASURED IN PCT PLANTED",TOTAL,NOT SPECIFIED,81,
SURVEY,2009,WEEK #21,2009-05-24,NATIONAL,US TOTAL,,,,,,,,0,,CORN,"CORN - PROGRESS, MEASURED IN PCT PLANTED",TOTAL,NOT SPECIFIED,82,
SURVEY,2024,WEEK #21,2024-05-26,NATIONAL,US TOTAL,,,,,,,,0,,CORN,"CORN - PROGRESS, MEASURED IN PCT PLANTED",TOTAL,NOT SPECIFIED,83,
SURVEY,2002,WEEK #21,2002-05-26,NATIONAL,US TOTAL,,,,,,,,0,,CORN,"CORN - PROGRESS, MEASURED IN PCT PLANTED",TOTAL,NOT SPECIFIED,83,
SURVEY,2019,WEEK #23,2019-06-09,NATIONAL,US TOTAL,,,,,,,,0,,CORN,"CORN - PROGRESS, MEASURED IN PCT PLANTED",TOTAL,NOT SPECIFIED,83,
SURVEY,2004,WEEK #19,2004-05-09,NATIONAL,US TOTAL,,,,,,,,0,,CORN,"CORN - PROGRESS, MEASURED IN PCT PLANTED",TOTAL,NOT SPECIFIED,84,
SURVEY,2017,WEEK #20,2017-05-21,NATIONAL,US TOTAL,,,,,,,,0,,CORN,"CORN - PROGRESS, MEASURED IN PCT PLANTED",TOTAL,NOT SPECIFIED,84,
SURVEY,1989,WEEK #20,1989-05-21,NATIONAL,US TOTAL,,,,,,,,0,,CORN,"CORN - PROGRESS, MEASURED IN PCT PLANTED",TOTAL,NOT SPECIFIED,84,
SURVEY,2006,WEEK #19,2006-05-14,NATIONAL,US TOTAL,,,,,,,,0,,CORN,"CORN - PROGRESS, MEASURED IN PCT PLANTED",TOTAL,NOT SPECIFIED,85,
SURVEY,2015,WEEK #20,2015-05-17,NATIONAL,US TOTAL,,,,,,,,0,,CORN,"CORN - PROGRESS, MEASURED IN PCT PLANTED",TOTAL,NOT SPECIFIED,85,
SURVEY,2016,WEEK #20,2016-05-22,NATIONAL,US TOTAL,,,,,,,,0,,CORN,"CORN - PROGRESS, MEASURED IN PCT PLANTED",TOTAL,NOT SPECIFIED,86,
SURVEY,2022,WEEK #21,2022-05-29,NATIONAL,US TOTAL,,,,,,,,0,,CORN,"CORN - PROGRESS, MEASURED IN PCT PLANTED",TOTAL,NOT SPECIFIED,86,
SURVEY,2013,WEEK #21,2013-05-26,NATIONAL,US TOTAL,,,,,,,,0,,CORN,"CORN - PROGRESS, MEASURED IN PCT PLANTED",TOTAL,NOT SPECIFIED,86,
SURVEY,2011,WEEK #21,2011-05-29,NATIONAL,US TOTAL,,,,,,,,0,,CORN,"CORN - PROGRESS, MEASURED IN PCT PLANTED",TOTAL,NOT SPECIFIED,86,
SURVEY,1991,WEEK #21,1991-05-26,NATIONAL,US TOTAL,,,,,,,,0,,CORN,"CORN - PROGRESS, MEASURED IN PCT PLANTED",TOTAL,NOT SPECIFIED,86,
SURVEY,1996,WEEK #22,1996-06-02,NATIONAL,US TOTAL,,,,,,,,0,,CORN,"CORN - PROGRESS, MEASURED IN PCT PLANTED",TOTAL,NOT SPECIFIED,86,
SURVEY,2012,WEEK #19,2012-05-13,NATIONAL,US TOTAL,,,,,,,,0,,CORN,"CORN - PROGRESS, MEASURED IN PCT PLANTED",TOTAL,NOT SPECIFIED,87,
SURVEY,2010,WEEK #19,2010-05-16,NATIONAL,US TOTAL,,,,,,,,0,,CORN,"CORN - PROGRESS, MEASURED IN PCT PLANTED",TOTAL,NOT SPECIFIED,87,
SURVEY,1999,WEEK #20,1999-05-23,NATIONAL,US TOTAL,,,,,,,,0,,CORN,"CORN - PROGRESS, MEASURED IN PCT PLANTED",TOTAL,NOT SPECIFIED,87,
SURVEY,1993,WEEK #21,1993-05-30,NATIONAL,US TOTAL,,,,,,,,0,,CORN,"CORN - PROGRESS, MEASURED IN PCT PLANTED",TOTAL,NOT SPECIFIED,87,
SURVEY,1988,WEEK #19,1988-05-15,NATIONAL,US TOTAL,,,,,,,,0,,CORN,"CORN - PROGRESS, MEASURED IN PCT PLANTED",TOTAL,NOT SPECIFIED,88,
SURVEY,1997,WEEK #20,1997-05-18,NATIONAL,US TOTAL,,,,,,,,0,,CORN,"CORN - PROGRESS, MEASURED IN PCT PLANTED",TOTAL,NOT SPECIFIED,88,
SURVEY,2020,WEEK #21,2020-05-24,NATIONAL,US TOTAL,,,,,,,,0,,CORN,"CORN - PROGRESS, MEASURED IN PCT PLANTED",TOTAL,NOT SPECIFIED,88,
SURVEY,2014,WEEK #21,2014-05-25,NATIONAL,US TOTAL,,,,,,,,0,,CORN,"CORN - PROGRESS, MEASURED IN PCT PLANTED",TOTAL,NOT SPECIFIED,88,
SURVEY,2008,WEEK #21,2008-05-25,NATIONAL,US TOTAL,,,,,,,,0,,CORN,"CORN - PROGRESS, MEASURED IN PCT PLANTED",TOTAL,NOT SPECIFIED,88,
SURVEY,2003,WEEK #21,2003-05-25,NATIONAL,US TOTAL,,,,,,,,0,,CORN,"CORN - PROGRESS, MEASURED IN PCT PLANTED",TOTAL,NOT SPECIFIED,88,
SURVEY,1986,WEEK #21,1986-05-25,NATIONAL,US TOTAL,,,,,,,,0,,CORN,"CORN - PROGRESS, MEASURED IN PCT PLANTED",TOTAL,NOT SPECIFIED,88,
SURVEY,1990,WEEK #22,1990-06-03,NATIONAL,US TOTAL,,,,,,,,0,,CORN,"CORN - PROGRESS, MEASURED IN PCT PLANTED",TOTAL,NOT SPECIFIED,88,
SURVEY,2005,WEEK #19,2005-05-15,NATIONAL,US TOTAL,,,,,,,,0,,CORN,"CORN - PROGRESS, MEASURED IN PCT PLANTED",TOTAL,NOT SPECIFIED,89,
SURVEY,1989,WEEK #21,1989-05-28,NATIONAL,US TOTAL,,,,,,,,0,,CORN,"CORN - PROGRESS, MEASURED IN PCT PLANTED",TOTAL,NOT SPECIFIED,89,
SURVEY,2021,WEEK #20,2021-05-23,NATIONAL,US TOTAL,,,,,,,,0,,CORN,"CORN - PROGRESS, MEASURED IN PCT PLANTED",TOTAL,NOT SPECIFIED,90,
SURVEY,2001,WEEK #20,2001-05-20,NATIONAL,US TOTAL,,,,,,,,0,,CORN,"CORN - PROGRESS, MEASURED IN PCT PLANTED",TOTAL,NOT SPECIFIED,90,
SURVEY,2000,WEEK #19,2000-05-14,NATIONAL,US TOTAL,,,,,,,,0,,CORN,"CORN - PROGRESS, MEASURED IN PCT PLANTED",TOTAL,NOT SPECIFIED,91,
SURVEY,1992,WEEK #20,1992-05-17,NATIONAL,US TOTAL,,,,,,,,0,,CORN,"CORN - PROGRESS, MEASURED IN PCT PLANTED",TOTAL,NOT SPECIFIED,91,
SURVEY,2017,WEEK #21,2017-05-28,NATIONAL,US TOTAL,,,,,,,,0,,CORN,"CORN - PROGRESS, MEASURED IN PCT PLANTED",TOTAL,NOT SPECIFIED,91,
SURVEY,2024,WEEK #22,2024-06-02,NATIONAL,US TOTAL,,,,,,,,0,,CORN,"CORN - PROGRESS, MEASURED IN PCT PLANTED",TOTAL,NOT SPECIFIED,91,
SURVEY,2013,WEEK #22,2013-06-02,NATIONAL,US TOTAL,,,,,,,,0,,CORN,"CORN - PROGRESS, MEASURED IN PCT PLANTED",TOTAL,NOT SPECIFIED,91,
SURVEY,1995,WEEK #23,1995-06-11,NATIONAL,US TOTAL,,,,,,,,0,,CORN,"CORN - PROGRESS, MEASURED IN PCT PLANTED",TOTAL,NOT SPECIFIED,91,
SURVEY,2007,WEEK #20,2007-05-20,NATIONAL,US TOTAL,,,,,,,,0,,CORN,"CORN - PROGRESS, MEASURED IN PCT PLANTED",TOTAL,NOT SPECIFIED,92,
SURVEY,2006,WEEK #20,2006-05-21,NATIONAL,US TOTAL,,,,,,,,0,,CORN,"CORN - PROGRESS, MEASURED IN PCT PLANTED",TOTAL,NOT SPECIFIED,92,
SURVEY,2004,WEEK #20,2004-05-16,NATIONAL,US TOTAL,,,,,,,,0,,CORN,"CORN - PROGRESS, MEASURED IN PCT PLANTED",TOTAL,NOT SPECIFIED,92,
SURVEY,1994,WEEK #20,1994-05-22,NATIONAL,US TOTAL,,,,,,,,0,,CORN,"CORN - PROGRESS, MEASURED IN PCT PLANTED",TOTAL,NOT SPECIFIED,92,
SURVEY,2023,WEEK #21,2023-05-28,NATIONAL,US TOTAL,,,,,,,,0,,CORN,"CORN - PROGRESS, MEASURED IN PCT PLANTED",TOTAL,NOT SPECIFIED,92,
SURVEY,2018,WEEK #21,2018-05-27,NATIONAL,US TOTAL,,,,,,,,0,,CORN,"CORN - PROGRESS, MEASURED IN PCT PLANTED",TOTAL,NOT SPECIFIED,92,
SURVEY,2015,WEEK #21,2015-05-24,NATIONAL,US TOTAL,,,,,,,,0,,CORN,"CORN - PROGRESS, MEASURED IN PCT PLANTED",TOTAL,NOT SPECIFIED,92,
SURVEY,2002,WEEK #22,2002-06-02,NATIONAL,US TOTAL,,,,,,,,0,,CORN,"CORN - PROGRESS, MEASURED IN PCT PLANTED",TOTAL,NOT SPECIFIED,92,
SURVEY,1991,WEEK #22,1991-06-02,NATIONAL,US TOTAL,,,,,,,,0,,CORN,"CORN - PROGRESS, MEASURED IN PCT PLANTED",TOTAL,NOT SPECIFIED,92,
SURVEY,1996,WEEK #23,1996-06-09,NATIONAL,US TOTAL,,,,,,,,0,,CORN,"CORN - PROGRESS, MEASURED IN PCT PLANTED",TOTAL,NOT SPECIFIED,92,
SURVEY,2019,WEEK #24,2019-06-16,NATIONAL,US TOTAL,,,,,,,,0,,CORN,"CORN - PROGRESS, MEASURED IN PCT PLANTED",TOTAL,NOT SPECIFIED,92,
SURVEY,2010,WEEK #20,2010-05-23,NATIONAL,US TOTAL,,,,,,,,0,,CORN,"CORN - PROGRESS, MEASURED IN PCT PLANTED",TOTAL,NOT SPECIFIED,93,
SURVEY,1987,WEEK #20,1987-05-17,NATIONAL,US TOTAL,,,,,,,,0,,CORN,"CORN - PROGRESS, MEASURED IN PCT PLANTED",TOTAL,NOT SPECIFIED,93,
SURVEY,1998,WEEK #21,1998-05-24,NATIONAL,US TOTAL,,,,,,,,0,,CORN,"CORN - PROGRESS, MEASURED IN PCT PLANTED",TOTAL,NOT SPECIFIED,93,
SURVEY,2020,WEEK #22,2020-05-31,NATIONAL,US TOTAL,,,,,,,,0,,CORN,"CORN - PROGRESS, MEASURED IN PCT PLANTED",TOTAL,NOT SPECIFIED,93,
SURVEY,2009,WEEK #22,2009-05-31,NATIONAL,US TOTAL,,,,,,,,0,,CORN,"CORN - PROGRESS, MEASURED IN PCT PLANTED",TOTAL,NOT SPECIFIED,93,
SURVEY,1993,WEEK #22,1993-06-06,NATIONAL,US TOTAL,,,,,,,,0,,CORN,"CORN - PROGRESS, MEASURED IN PCT PLANTED",TOTAL,NOT SPECIFIED,93,
SURVEY,1989,WEEK #22,1989-06-04,NATIONAL,US TOTAL,,,,,,,,0,,CORN,"CORN - PROGRESS, MEASURED IN PCT PLANTED",TOTAL,NOT SPECIFIED,93,
SURVEY,2016,WEEK #21,2016-05-29,NATIONAL,US TOTAL,,,,,,,,0,,CORN,"CORN - PROGRESS, MEASURED IN PCT PLANTED",TOTAL,NOT SPECIFIED,94,
SURVEY,2022,WEEK #22,2022-06-05,NATIONAL,US TOTAL,,,,,,,,0,,CORN,"CORN - PROGRESS, MEASURED IN PCT PLANTED",TOTAL,NOT SPECIFIED,94,
SURVEY,2011,WEEK #22,2011-06-05,NATIONAL,US TOTAL,,,,,,,,0,,CORN,"CORN - PROGRESS, MEASURED IN PCT PLANTED",TOTAL,NOT SPECIFIED,94,
SURVEY,1986,WEEK #22,1986-06-01,NATIONAL,US TOTAL,,,,,,,,0,,CORN,"CORN - PROGRESS, MEASURED IN PCT PLANTED",TOTAL,NOT SPECIFIED,94,
SURVEY,1990,WEEK #23,1990-06-10,NATIONAL,US TOTAL,,,,,,,,0,,CORN,"CORN - PROGRESS, MEASURED IN PCT PLANTED",TOTAL,NOT SPECIFIED,94,
SURVEY,2005,WEEK #20,2005-05-22,NATIONAL,US TOTAL,,,,,,,,0,,CORN,"CORN - PROGRESS, MEASURED IN PCT PLANTED",TOTAL,NOT SPECIFIED,95,
SURVEY,1988,WEEK #20,1988-05-22,NATIONAL,US TOTAL,,,,,,,,0,,CORN,"CORN - PROGRESS, MEASURED IN PCT PLANTED",TOTAL,NOT SPECIFIED,95,
SURVEY,2021,WEEK #21,2021-05-30,NATIONAL,US TOTAL,,,,,,,,0,,CORN,"CORN - PROGRESS, MEASURED IN PCT PLANTED",TOTAL,NOT SPECIFIED,95,
SURVEY,2004,WEEK #21,2004-05-23,NATIONAL,US TOTAL,,,,,,,,0,,CORN,"CORN - PROGRESS, MEASURED IN PCT PLANTED",TOTAL,NOT SPECIFIED,95,
SURVEY,2001,WEEK #21,2001-05-27,NATIONAL,US TOTAL,,,,,,,,0,,CORN,"CORN - PROGRESS, MEASURED IN PCT PLANTED",TOTAL,NOT SPECIFIED,95,
SURVEY,1997,WEEK #21,1997-05-25,NATIONAL,US TOTAL,,,,,,,,0,,CORN,"CORN - PROGRESS, MEASURED IN PCT PLANTED",TOTAL,NOT SPECIFIED,95,
SURVEY,2015,WEEK #22,2015-05-31,NATIONAL,US TOTAL,,,,,,,,0,,CORN,"CORN - PROGRESS, MEASURED IN PCT PLANTED",TOTAL,NOT SPECIFIED,95,
SURVEY,2014,WEEK #22,2014-06-01,NATIONAL,US TOTAL,,,,,,,,0,,CORN,"CORN - PROGRESS, MEASURED IN PCT PLANTED",TOTAL,NOT SPECIFIED,95,
SURVEY,2008,WEEK #22,2008-06-01,NATIONAL,US TOTAL,,,,,,,,0,,CORN,"CORN - PROGRESS, MEASURED IN PCT PLANTED",TOTAL,NOT SPECIFIED,95,
SURVEY,2003,WEEK #22,2003-06-01,NATIONAL,US TOTAL,,,,,,,,0,,CORN,"CORN - PROGRESS, MEASURED IN PCT PLANTED",TOTAL,NOT SPECIFIED,95,
SURVEY,2024,WEEK #23,2024-06-09,NATIONAL,US TOTAL,,,,,,,,0,,CORN,"CORN - PROGRESS, MEASURED IN PCT PLANTED",TOTAL,NOT SPECIFIED,95,
SURVEY,2013,WEEK #23,2013-06-09,NATIONAL,US TOTAL,,,,,,,,0,,CORN,"CORN - PROGRESS, MEASURED IN PCT PLANTED",TOTAL,NOT SPECIFIED,95,
SURVEY,1996,WEEK #24,1996-06-16,NATIONAL,US TOTAL,,,,,,,,0,,CORN,"CORN - PROGRESS, MEASURED IN PCT PLANTED",TOTAL,NOT SPECIFIED,95,
SURVEY,2012,WEEK #20,2012-05-20,NATIONAL,US TOTAL,,,,,,,,0,,CORN,"CORN - PROGRESS, MEASURED IN PCT PLANTED",TOTAL,NOT SPECIFIED,96,
SURVEY,2000,WEEK #20,2000-05-21,NATIONAL,US TOTAL,,,,,,,,0,,CORN,"CORN - PROGRESS, MEASURED IN PCT PLANTED",TOTAL,NOT SPECIFIED,96,
SURVEY,1999,WEEK #21,1999-05-30,NATIONAL,US TOTAL,,,,,,,,0,,CORN,"CORN - PROGRESS, MEASURED IN PCT PLANTED",TOTAL,NOT SPECIFIED,96,
SURVEY,1992,WEEK #21,1992-05-24,NATIONAL,US TOTAL,,,,,,,,0,,CORN,"CORN - PROGRESS, MEASURED IN PCT PLANTED",TOTAL,NOT SPECIFIED,96,
SURVEY,2023,WEEK #22,2023-06-04,NATIONAL,US TOTAL,,,,,,,,0,,CORN,"CORN - PROGRESS, MEASURED IN PCT PLANTED",TOTAL,NOT SPECIFIED,96,
SURVEY,2017,WEEK #22,2017-06-04,NATIONAL,US TOTAL,,,,,,,,0,,CORN,"CORN - PROGRESS, MEASURED IN PCT PLANTED",TOTAL,NOT SPECIFIED,96,
SURVEY,1993,WEEK #23,1993-06-13,NATIONAL,US TOTAL,,,,,,,,0,,CORN,"CORN - PROGRESS, MEASURED IN PCT PLANTED",TOTAL,NOT SPECIFIED,96,
SURVEY,1991,WEEK #23,1991-06-09,NATIONAL,US TOTAL,,,,,,,,0,,CORN,"CORN - PROGRESS, MEASURED IN PCT PLANTED",TOTAL,NOT SPECIFIED,96,
SURVEY,1989,WEEK #23,1989-06-11,NATIONAL,US TOTAL,,,,,,,,0,,CORN,"CORN - PROGRESS, MEASURED IN PCT PLANTED",TOTAL,NOT SPECIFIED,96,
SURVEY,2019,WEEK #25,2019-06-23,NATIONAL,US TOTAL,,,,,,,,0,,CORN,"CORN - PROGRESS, MEASURED IN PCT PLANTED",TOTAL,NOT SPECIFIED,96,
SURVEY,2010,WEEK #21,2010-05-30,NATIONAL,US TOTAL,,,,,,,,0,,CORN,"CORN - PROGRESS, MEASURED IN PCT PLANTED",TOTAL,NOT SPECIFIED,97,
SURVEY,2007,WEEK #21,2007-05-27,NATIONAL,US TOTAL,,,,,,,,0,,CORN,"CORN - PROGRESS, MEASURED IN PCT PLANTED",TOTAL,NOT SPECIFIED,97,
SURVEY,2006,WEEK #21,2006-05-28,NATIONAL,US TOTAL,,,,,,,,0,,CORN,"CORN - PROGRESS, MEASURED IN PCT PLANTED",TOTAL,NOT SPECIFIED,97,
SURVEY,1987,WEEK #21,1987-05-24,NATIONAL,US TOTAL,,,,,,,,0,,CORN,"CORN - PROGRESS, MEASURED IN PCT PLANTED",TOTAL,NOT SPECIFIED,97,
SURVEY,2018,WEEK #22,2018-06-03,NATIONAL,US TOTAL,,,,,,,,0,,CORN,"CORN - PROGRESS, MEASURED IN PCT PLANTED",TOTAL,NOT SPECIFIED,97,
SURVEY,1998,WEEK #22,1998-05-31,NATIONAL,US TOTAL,,,,,,,,0,,CORN,"CORN - PROGRESS, MEASURED IN PCT PLANTED",TOTAL,NOT SPECIFIED,97,
SURVEY,2022,WEEK #23,2022-06-12,NATIONAL,US TOTAL,,,,,,,,0,,CORN,"CORN - PROGRESS, MEASURED IN PCT PLANTED",TOTAL,NOT SPECIFIED,97,
SURVEY,2020,WEEK #23,2020-06-07,NATIONAL,US TOTAL,,,,,,,,0,,CORN,"CORN - PROGRESS, MEASURED IN PCT PLANTED",TOTAL,NOT SPECIFIED,97,
SURVEY,2009,WEEK #23,2009-06-07,NATIONAL,US TOTAL,,,,,,,,0,,CORN,"CORN - PROGRESS, MEASURED IN PCT PLANTED",TOTAL,NOT SPECIFIED,97,
SURVEY,1995,WEEK #24,1995-06-18,NATIONAL,US TOTAL,,,,,,,,0,,CORN,"CORN - PROGRESS, MEASURED IN PCT PLANTED",TOTAL,NOT SPECIFIED,97,
SURVEY,1990,WEEK #24,1990-06-17,NATIONAL,US TOTAL,,,,,,,,0,,CORN,"CORN - PROGRESS, MEASURED IN PCT PLANTED",TOTAL,NOT SPECIFIED,97,
SURVEY,1994,WEEK #21,1994-05-29,NATIONAL,US TOTAL,,,,,,,,0,,CORN,"CORN - PROGRESS, MEASURED IN PCT PLANTED",TOTAL,NOT SPECIFIED,98,
SURVEY,2016,WEEK #22,2016-06-05,NATIONAL,US TOTAL,,,,,,,,0,,CORN,"CORN - PROGRESS, MEASURED IN PCT PLANTED",TOTAL,NOT SPECIFIED,98,
SURVEY,1997,WEEK #22,1997-06-01,NATIONAL,US TOTAL,,,,,,,,0,,CORN,"CORN - PROGRESS, MEASURED IN PCT PLANTED",TOTAL,NOT SPECIFIED,98,
SURVEY,2002,WEEK #23,2002-06-09,NATIONAL,US TOTAL,,,,,,,,0,,CORN,"CORN - PROGRESS, MEASURED IN PCT PLANTED",TOTAL,NOT SPECIFIED,98,
SURVEY,2011,WEEK #23,2011-06-12,NATIONAL,US TOTAL,,,,,,,,0,,CORN,"CORN - PROGRESS, MEASURED IN PCT PLANTED",TOTAL,NOT SPECIFIED,99,
