Year,Planted_Acres,Harvested_Acres,Actual_Yield,Production,Stocks,Exports,Imports,Total_Supply,Total_Usage,All_Dom_Use,Ending_Stocks
1973,72253,62143,91.32045088566828,5671,708,1243,1,6380,5896,4653,484
1978,81675,71930,101.08484005563281,7268,1436,2113,1,8705,6995,4882,1710
1979,81394,72400,109.50276243093921,7928,1710,2402,1,9639,7605,5203,2034
1980,84043,72961,90.94520547945206,6639,2035,2391,1,8675,7282,4891,1393
1981,84097,74524,108.97986577181209,8119,1392,1997,1,9512,6975,4978,2537
1982,81857,72719,113.27372764786794,8235,2537,1821,1,10773,7249,5428,3524
1974,77935,65405,71.88073394495412,4701,484,1149,2,5187,4826,3677,361
1975,78583,67505,86.40532544378699,5841,558,1664,2,6401,5767,4103,634
1976,84374,71300,87.95804195804196,6289,633,1645,2,6924,5789,4144,1135
1977,84328,71614,90.85195530726257,6505,1136,1896,2,7643,6207,4311,1436
1983,60217,51479,81.04854368932038,4174,3523,1886,2,7699,6692,4806,1007
1984,80617,71897,106.70375521557719,7672,1006,1850,2,8680,7032,5182,1648
1986,76580,68907,119.3748675751375,8226,4040,1492,2,12268,7385,5893,4883
1989,72322,64783,116.26434404087493,7532,1930,2368,2,9464,8113,5745,1351
1987,66200,59505,119.84371061255356,7131,4882,1716,3,12016,7757,6041,4259
1988,67717,58250,84.61254935622317,4929,4259,2026,3,9191,7260,5234,1931
1990,74166,66952,118.50322619189868,7934,1344,1725,3,9281,7761,6036,1520
1992,79311,72077,131.48019479168113,9477,1100,1663,7,10584,8475,6812,2109
2000,79551,72440,136.87189398122584,9915,1718,1941,7,11640,9740,7799,1900
2009,86400,79500,164.67924528301887,13092,1673,1980,8,14773,13066,11086,1708
1997,79537,72700,126.64374140302613,9207,883,1504,9,10099,8791,7287,1308
2005,81800,75100,147.98934753661786,11114,2114,2147,9,13237,11269,9122,1968
1985,83398,75209,118.0186170212766,8875,1648,1227,10,10533,6494,5267,4039
1994,79175,72887,138.60818801706753,10103,850,2177,10,10962,9404,7227,1558
2001,75800,68808,138.16707359609347,9507,1900,1905,10,11417,9829,7924,1588
2004,80900,73600,160.42119565217394,11807,958,1814,11,12776,10662,8848,2114
2006,78327,70648,149.11957875665271,10535,1967,2125,12,12514,11210,9085,1304
1996,79200,72600,127.17630853994491,9233,426,1795,13,9672,8789,6994,883
1999,77400,70500,133.77304964539007,9431,1788,1937,14,11233,9515,7578,1718
2002,78900,69313,129.36967091310433,8967,1596,1588,14,10577,9491,7903,1086
2003,78600,70900,142.2990126939351,10089,1087,1900,14,11190,10232,8332,958
2008,86000,78630,153.7835431769045,12092,1624,1858,14,13729,12056,10198,1673
1995,71245,64995,113.45297330563889,7374,1558,2228,16,8948,8522,6294,426
1998,80187,72600,134.41597796143253,9759,1308,1981,19,11086,9298,7317,1788
1991,75957,68822,108.61011013919968,7475,1521,1584,20,9016,7916,6332,1100
2007,93600,86500,151.14450867052022,13074,1304,2436,20,14398,12713,10277,1685
1993,73235,62921,100.70516997504808,6336,2113,1328,21,8470,7620,6292,850
2024,90900,83000,179.3,14892,1763,2858,22,16677,15145,12287,1532
2020,90700,82300,171.4,14111,1919,2747,24,16055,14821,12074,1235
2021,93300,85300,176.7,15074,1235,2472,24,16333,14956,12483,1377
2010,88200,81400,152.8,12447,1708,1834,28,14183,13055,11221,1128
2018,88900,81300,176.4,14340,2140,2066,28,16509,14288,12222,2221
2023,94600,86500,177.3,15341,1360,2255,28,16729,14966,12711,1763
2011,91900,83970,147.17,12360,1128,1543,29,13517,12528,10985,989
2014,90600,83120,171.02,14215,1232,1867,32,15479,13748,11881,1731
2013,95400,87470,158.1,13829,821,1920,36,14686,13454,11534,1232
2017,90200,82700,176.6,14609,2293,2438,36,16939,14798,12361,2140
2022,88200,78700,173.4,13651,1377,1662,39,15066,13706,12044,1360
2019,89700,81300,167.5,13620,2221,1777,42,15883,13963,12186,1919
2016,94000,86740,174.64,15148,1737,2294,57,16942,14649,12355,2293
2015,88000,80800,168.449,13602,1731,1901,68,15401,13664,11763,1737
2012,97300,87360,123.11,10755,989,730,160,11904,11083,10353,821
