year,planted_acres,harvested_acres,actual_yield,production,exports,imports,total_supply,all_dom_use,total_usage,ending_stocks,stock_to_use_ratio
2024,90900,83000,179.3,14892,2858,22,16677,12287,15145,1532,0.10115549686365137
2023,94600,86500,177.3,15341,2255,28,16729,12711,14966,1763,0.11780034745422958
2022,88200,78700,173.4,13651,1662,39,15066,12044,13706,1360,0.09922661608054867
2021,93300,85300,176.7,15074,2472,24,16333,12483,14956,1377,0.09207007221182134
2020,90700,82300,171.4,14111,2747,24,16055,12074,14821,1235,0.08332771068079077
2019,89700,81300,167.5,13620,1777,42,15883,12186,13963,1919,0.13743464871445965
2018,88900,81300,176.4,14340,2066,28,16509,12222,14288,2221,0.1554451287793953
2017,90200,82700,176.6,14609,2438,36,16939,12361,14798,2140,0.1446141370455467
2016,94000,86740,174.64,15148,2294,57,16942,12355,14649,2293,0.15652945593555875
2015,88000,80800,168.449,13602,1901,68,15401,11763,13664,1737,0.12712236533957846
2014,90600,83120,171.02,14215,1867,32,15479,11881,13748,1731,0.12590922315973233
2013,95400,87470,158.1,13829,1920,36,14686,11534,13454,1232,0.09157127991675339
2012,97300,87360,123.11,10755,730,160,11904,10353,11083,821,0.0740774158621312
2011,91900,83970,147.17,12360,1543,29,13517,10985,12528,989,0.07894316730523628
2010,88200,81400,152.8,12447,1834,28,14183,11221,13055,1128,0.08640367675220222
2009,86400,79500,164.67924528301887,13092,1980,8,14773,11086,13066,1708,0.130720955150773
2008,86000,78630,153.7835431769045,12092,1858,14,13729,10198,12056,1673,0.13876907763769078
2007,93600,86500,151.14450867052022,13074,2436,20,14398,10277,12713,1685,0.13254149295996223
2006,78327,70648,149.11957875665271,10535,2125,12,12514,9085,11210,1304,0.11632471008028546
2005,81800,75100,147.98934753661786,11114,2147,9,13237,9122,11269,1968,0.1746383884994232
2004,80900,73600,160.42119565217394,11807,1814,11,12776,8848,10662,2114,0.19827424498217971
2003,78600,70900,142.2990126939351,10089,1900,14,11190,8332,10232,958,0.0936278342455043
2002,78900,69313,129.36967091310433,8967,1588,14,10577,7903,9491,1086,0.11442419133916341
2001,75800,68808,138.16707359609347,9507,1905,10,11417,7924,9829,1588,0.1615627225557025
2000,79551,72440,136.87189398122584,9915,1941,7,11640,7799,9740,1900,0.19507186858316222
1999,77400,70500,133.77304964539007,9431,1937,14,11233,7578,9515,1718,0.18055701523909617
1998,80187,72600,134.41597796143253,9759,1981,19,11086,7317,9298,1788,0.19229941922994193
1997,79537,72700,126.64374140302613,9207,1504,9,10099,7287,8791,1308,0.14878853372767603
1996,79200,72600,127.17630853994491,9233,1795,13,9672,6994,8789,883,0.1004664922061668
1995,71245,64995,113.45297330563889,7374,2228,16,8948,6294,8522,426,0.049988265665336776
1994,79175,72887,138.60818801706753,10103,2177,10,10962,7227,9404,1558,0.16567418119948957
1993,73235,62921,100.70516997504808,6336,1328,21,8470,6292,7620,850,0.1115485564304462
1992,79311,72077,131.48019479168113,9477,1663,7,10584,6812,8475,2109,0.2488495575221239
1991,75957,68822,108.61011013919968,7475,1584,20,9016,6332,7916,1100,0.13895907023749368
1990,74166,66952,118.50322619189868,7934,1725,3,9281,6036,7761,1520,0.19585105012240692
1989,72322,64783,116.26434404087493,7532,2368,2,9464,5745,8113,1351,0.16652286453839515
1988,67717,58250,84.61254935622317,4929,2026,3,9191,5234,7260,1931,0.2659779614325069
1987,66200,59505,119.84371061255356,7131,1716,3,12016,6041,7757,4259,0.5490524687379141
1986,76580,68907,119.3748675751375,8226,1492,2,12268,5893,7385,4883,0.6612051455653352
1985,83398,75209,118.0186170212766,8875,1227,10,10533,5267,6494,4039,0.6219587311364336
1984,80617,71897,106.70375521557719,7672,1850,2,8680,5182,7032,1648,0.23435722411831628
1983,60217,51479,81.04854368932038,4174,1886,2,7699,4806,6692,1007,0.15047818290496115
1982,81857,72719,113.27372764786794,8235,1821,1,10773,5428,7249,3524,0.48613601876120843
1981,84097,74524,108.97986577181209,8119,1997,1,9512,4978,6975,2537,0.36372759856630826
1980,84043,72961,90.94520547945206,6639,2391,1,8675,4891,7282,1393,0.19129360065915957
1979,81394,72400,109.50276243093921,7928,2402,1,9639,5203,7605,2034,0.26745562130177514
1978,81675,71930,101.08484005563281,7268,2113,1,8705,4882,6995,1710,0.2444603288062902
1977,84328,71614,90.85195530726257,6505,1896,2,7643,4311,6207,1436,0.231351699693894
1976,84374,71300,87.95804195804196,6289,1645,2,6924,4144,5789,1135,0.19606149594057695
1975,78583,67505,86.40532544378699,5841,1664,2,6401,4103,5767,634,0.10993584185885209
1974,77935,65405,71.88073394495412,4701,1149,2,5187,3677,4826,361,0.07480314960629922
1973,72253,62143,91.32045088566828,5671,1243,1,6380,4653,5896,484,0.08208955223880597
