year,price_per_bushel
2024,4.07
2023,4.66
2022,6.49
2021,5.26
2020,3.79
2019,3.68
2018,3.41
2017,3.15
2016,3.24
2015,3.59
2014,3.6
2013,4.37
2012,7.01
2011,5.83
2010,4.55
2009,3.65
2008,4.26
2007,3.44
2006,2.88
2005,1.77
2004,2.05
2003,2.2
2002,2.28
2001,1.85
2000,1.86
1999,1.7
1998,1.93
1997,2.51
1996,2.66
1995,2.87
1994,1.99
1993,2.45
1992,1.98
1991,2.29
1990,2.16
1989,2.24
1988,2.51
1987,1.61
1986,1.47
1985,2.21
1984,2.55
1983,3.17
1982,2.13
1981,2.34
1980,3.1
1979,2.27
1978,2.02
1977,1.88
1976,2.02
1975,2.33
1974,3.32
1973,2.18
