year,planting_50_pct_doy,rainfall_effectiveness_index,temp_stress_july_count,post_pollination_rain
2024,140,2.192357142857143,32.919999999999995,78.27000000000001
2023,134,2.034626865671643,47.75000000000002,50.579999999999984
2022,142,1.8700704225352114,40.11,69.53
2021,129,2.078372093023255,25.11999999999998,77.98
2020,124,2.2594354838709676,44.390000000000015,73.5
2019,146,2.3099999999999996,23.729999999999993,61.51
2018,133,2.1209022556390984,38.88000000000001,77.03999999999999
2017,134,2.3658208955223876,26.49999999999999,81.59
2016,129,2.251240310077519,42.83999999999999,69.96999999999998
2015,123,2.671463414634147,14.039999999999992,79.95999999999998
2014,131,2.2721374045801523,8.589999999999996,69.86999999999999
2013,139,2.0631654676258995,8.020000000000003,80.94999999999999
2012,120,2.1115,69.94000000000001,60.79
2011,135,2.3187407407407403,52.010000000000005,64.33
2010,115,2.534521739130436,22.290000000000013,81.64
2009,137,2.1946715328467152,9.309999999999992,76.73000000000002
2008,132,2.1075757575757565,28.469999999999995,67.86000000000001
2007,126,2.106746031746032,30.33000000000001,72.11
2006,120,2.049916666666667,61.970000000000006,60.269999999999996
2005,121,2.268760330578513,41.78,70.41999999999999
2004,123,2.3314634146341473,12.079999999999998,77.28
2003,124,2.418306451612904,47.65000000000002,65.91
2002,132,1.9299242424242433,36.41,58.830000000000005
2001,126,2.128809523809523,23.93,67.39999999999999
2000,128,2.1428906249999997,28.179999999999996,57.779999999999994
1999,129,2.2199224806201556,25.14,63.06
1998,130,2.2891538461538463,35.690000000000005,69.93999999999998
1997,124,2.3775,18.580000000000002,63.24000000000001
1996,133,2.098045112781955,5.060000000000002,83.27000000000001
1995,141,2.3664539007092196,29.17,71.44000000000001
1994,128,2.0835937499999995,12.240000000000002,77.28999999999999
1993,143,2.1860839160839163,6.710000000000001,71.08999999999999
1992,131,1.9531297709923663,0.16000000000000014,87.32
1991,132,2.546060606060607,15.110000000000003,71.64
1990,126,2.321507936507937,6.279999999999994,79.41999999999999
1989,134,2.225223880597015,9.319999999999997,69.67999999999999
1988,129,1.5516279069767447,47.63000000000001,70.13999999999999
1987,130,1.9877692307692305,24.810000000000002,59.220000000000006
1986,131,1.9741221374045799,18.47999999999999,64.75
